EPOCH,RMSE,PCC,MAPE,MAE
0,1856.961429,0.751815,31.956816,1076.232422
10,2086.374607,0.752286,44.630703,1378.293457
20,2033.490534,0.753442,37.640251,1272.839844
30,1935.488763,0.750282,33.494118,1160.436646
40,1924.062824,0.743122,35.557110,1168.244629
