EPOCH,RMSE,PCC,MAPE,MAE
0,652.455315,0.804024,27.813234,429.372559
10,538.308055,0.811154,28.500309,367.533752
20,598.465172,0.760000,33.607395,422.709839
30,645.479304,0.729063,33.254894,449.545166
40,659.897814,0.731285,33.783367,464.032288
