EPOCH,RMSE,PCC,MAPE,MAE
0,683.677807,0.856077,41.053001,305.428375
10,629.682435,0.879052,47.294460,318.551270
20,697.573697,0.867652,47.267208,353.735718
30,811.523144,0.853968,51.774784,404.658478
40,911.976288,0.833113,56.383842,442.335236
