EPOCH,RMSE,PCC,MAPE,MAE
0,2618.737100,0.701469,53.383549,1367.830200
10,2546.556695,0.701573,36.731483,1255.065186
20,2575.402105,0.703524,40.273037,1303.562500
30,2608.456344,0.708430,38.865345,1271.939941
40,2639.500995,0.708938,43.743317,1338.205078
