EPOCH,RMSE,PCC,MAPE,MAE
0,2914.664475,0.789167,44.958565,1477.844849
10,2981.084199,0.784300,41.425797,1512.423828
20,3115.529008,0.779926,44.302582,1607.091309
30,3273.614058,0.777027,46.124401,1674.530640
40,3403.718849,0.772261,48.667809,1730.861450
