EPOCH,RMSE,PCC,MAPE,MAE
0,520.033352,0.696573,216.385223,250.704437
10,532.476936,0.684245,100.409904,225.824280
20,563.081144,0.672883,71.894844,239.023514
30,562.326029,0.669844,69.020432,238.645767
40,550.277089,0.670704,71.586502,231.680878
