EPOCH,RMSE,PCC,MAPE,MAE
0,370.425853,0.797736,157.835022,219.039246
10,371.730434,0.760147,135.475403,223.732513
20,360.901475,0.739789,144.569016,232.843292
30,348.971155,0.728578,148.107574,234.591568
40,354.872986,0.713351,145.206177,231.935089
