EPOCH,RMSE,PCC,MAPE,MAE
0,697.386371,0.822566,67.024536,403.662750
10,750.662582,0.815628,52.457016,475.536469
20,888.634627,0.805597,60.019939,564.334290
30,895.868852,0.801397,52.145763,530.454407
40,861.169154,0.791641,44.900139,468.727875
