EPOCH,RMSE,PCC,MAPE,MAE
0,1102.722086,0.771309,60.820530,797.070068
10,1039.683065,0.782391,26.986269,575.180420
20,1114.033157,0.784313,30.340117,633.350708
30,1033.657402,0.785715,26.115829,567.636963
40,1006.397660,0.785983,26.312370,554.561279
