EPOCH,RMSE,PCC,MAPE,MAE
0,1997.634226,0.721852,29.508806,1040.275757
10,2160.155318,0.729103,35.314564,1148.313354
20,2408.713868,0.728977,40.401337,1281.139038
30,2629.966825,0.727573,43.339363,1378.817383
40,2771.215347,0.724674,44.251621,1428.364746
